{
  "report": "EVAL_REPORT.md",
  "generated_at": "2026-07-14T22:29:21.756964+00:00",
  "candidate_depth": 50,
  "eval_set_n": 35,
  "sources": {
    "full_generation_eval": "data/eval/results/latest.json"
  },
  "limitations": {
    "generation_incomplete": false,
    "anthropic_credits_exhausted": false,
    "recall_at_5_equals_recall_at_10": "Corpus/gold artifact, not a scorer bug: binary section hit-rate \u2014 when gold is found it is almost always already in top-5, so R@10 adds no new hits. Use MRR to compare ranking quality."
  },
  "retrieval_only": {
    "dense": {
      "n": 35,
      "recall_at_5": 0.8285714285714286,
      "recall_at_10": 0.8285714285714286,
      "mrr": 0.6838095238095239,
      "latency_ms_mean": 536.14,
      "latency_ms_p95": 676.0,
      "cost_usd_mean_retrieval": 5.2e-06
    },
    "hybrid": {
      "n": 35,
      "recall_at_5": 0.8285714285714286,
      "recall_at_10": 0.8285714285714286,
      "mrr": 0.6242857142857143,
      "latency_ms_mean": 359.46,
      "latency_ms_p95": 435.0,
      "cost_usd_mean_retrieval": 5.2e-06
    },
    "hybrid_rerank": {
      "n": 35,
      "recall_at_5": 0.8285714285714286,
      "recall_at_10": 0.8285714285714286,
      "mrr": 0.62,
      "latency_ms_mean": 1054.64,
      "latency_ms_p95": 1725.6,
      "cost_usd_mean_retrieval": 0.0010052
    }
  },
  "generation_complete": {
    "dense": {
      "n": 35,
      "citation_accuracy": 1.0,
      "faithfulness": 0.9,
      "latency_ms_mean": 18093.732079744637,
      "latency_ms_p95": 29566.787290998036,
      "cost_usd_mean": 0.02138577142857143
    },
    "hybrid": {
      "n": 35,
      "citation_accuracy": 1.0,
      "faithfulness": 0.8571428571428571,
      "latency_ms_mean": 17413.444012999702,
      "latency_ms_p95": 30267.190416008816,
      "cost_usd_mean": 0.021492314285714284
    },
    "hybrid_rerank": {
      "n": 35,
      "citation_accuracy": 1.0,
      "faithfulness": 1.0,
      "latency_ms_mean": 14725.808667941184,
      "latency_ms_p95": 26327.58162499522,
      "cost_usd_mean": 0.01880951428571429
    }
  },
  "table_display": {
    "recall_at_5": {
      "dense": 0.829,
      "hybrid": 0.829,
      "hybrid_rerank": 0.829
    },
    "recall_at_10": {
      "dense": 0.829,
      "hybrid": 0.829,
      "hybrid_rerank": 0.829
    },
    "mrr": {
      "dense": 0.684,
      "hybrid": 0.624,
      "hybrid_rerank": 0.62
    },
    "citation_accuracy": {
      "dense": 1.0,
      "hybrid": 1.0,
      "hybrid_rerank": 1.0
    },
    "faithfulness": {
      "dense": 0.9,
      "hybrid": 0.857,
      "hybrid_rerank": 1.0
    },
    "p95_latency_ms_e2e": {
      "dense": 29566.787290998036,
      "hybrid": 30267.190416008816,
      "hybrid_rerank": 26327.58162499522
    },
    "cost_usd_per_query_e2e": {
      "dense": 0.02138577142857143,
      "hybrid": 0.021492314285714284,
      "hybrid_rerank": 0.01880951428571429
    },
    "p95_latency_ms_retrieval": {
      "dense": 676.0,
      "hybrid": 435.0,
      "hybrid_rerank": 1725.6
    },
    "cost_usd_per_query_retrieval": {
      "dense": 5.2e-06,
      "hybrid": 5.2e-06,
      "hybrid_rerank": 0.0010052
    }
  },
  "qualitative_demos": {
    "phase4_cowos": {
      "query": "What is CoWoS packaging and which filers discuss it?",
      "finding": "Dense often under-ranks rare exact tokens; hybrid surfaces NVDA."
    },
    "phase5_cowos_rerank": {
      "finding": "Rerank can reorder the hybrid pool; check live with Exact-token win."
    }
  }
}
