{
  "report": "EVAL_REPORT.md",
  "generated_at": "2026-07-14T23:27:23.353845+00:00",
  "candidate_depth": 50,
  "eval_set_n": 35,
  "sources": {
    "retrieval_only_eval": "data/eval/results/latest_retrieval_only.json",
    "results_digest": "data/eval/RESULTS_DIGEST.json",
    "full_generation_eval_prior": "data/eval/results/eval_20260714T222900Z.json"
  },
  "limitations": {
    "generation_incomplete": false,
    "anthropic_credits_exhausted": false,
    "gold_relabel_2026_07_14": "Section-mismatched golds corrected (Item 1A/1C, invalid section ids). Retrieval metrics below are from the post-relabel retrieval-only run. Citation/faithfulness numbers remain from the prior full e2e (eval_20260714T222900Z); a fresh full generation suite is deferred.",
    "recall_at_5_equals_recall_at_10": "Mostly still true for dense/hybrid on this set; hybrid_rerank now shows R@5=0.943 vs R@10=0.971 (one gold lands in 6\u201310). Prefer MRR for ranking."
  },
  "retrieval_only": {
    "dense": {
      "n": 35,
      "recall_at_5": 0.9714285714285714,
      "recall_at_10": 0.9714285714285714,
      "mrr": 0.8447619047619047,
      "latency_ms_mean": 390.1437677991843,
      "latency_ms_p95": 613.0637080059387,
      "cost_usd_mean_retrieval": 5.2e-06
    },
    "hybrid": {
      "n": 35,
      "recall_at_5": 0.9714285714285714,
      "recall_at_10": 0.9714285714285714,
      "mrr": 0.7552380952380953,
      "latency_ms_mean": 327.23950242964617,
      "latency_ms_p95": 452.9551250016084,
      "cost_usd_mean_retrieval": 5.2e-06
    },
    "hybrid_rerank": {
      "n": 35,
      "recall_at_5": 0.9428571428571428,
      "recall_at_10": 0.9714285714285714,
      "mrr": 0.7271428571428571,
      "latency_ms_mean": 761.6798487412909,
      "latency_ms_p95": 848.7444579950534,
      "cost_usd_mean_retrieval": 0.0010052
    }
  },
  "generation_complete": {
    "dense": {
      "n": 35,
      "citation_accuracy": 1.0,
      "faithfulness": 0.9,
      "latency_ms_mean": 18093.732079744637,
      "latency_ms_p95": 29566.787290998036,
      "cost_usd_mean": 0.02138577142857143
    },
    "hybrid": {
      "n": 35,
      "citation_accuracy": 1.0,
      "faithfulness": 0.8571428571428571,
      "latency_ms_mean": 17413.444012999702,
      "latency_ms_p95": 30267.190416008816,
      "cost_usd_mean": 0.021492314285714284
    },
    "hybrid_rerank": {
      "n": 35,
      "citation_accuracy": 1.0,
      "faithfulness": 1.0,
      "latency_ms_mean": 14725.808667941184,
      "latency_ms_p95": 26327.58162499522,
      "cost_usd_mean": 0.01880951428571429
    }
  },
  "table_display": {
    "recall_at_5": {
      "dense": 0.971,
      "hybrid": 0.971,
      "hybrid_rerank": 0.943
    },
    "recall_at_10": {
      "dense": 0.971,
      "hybrid": 0.971,
      "hybrid_rerank": 0.971
    },
    "mrr": {
      "dense": 0.845,
      "hybrid": 0.755,
      "hybrid_rerank": 0.727
    },
    "citation_accuracy": {
      "dense": 1.0,
      "hybrid": 1.0,
      "hybrid_rerank": 1.0
    },
    "faithfulness": {
      "dense": 0.9,
      "hybrid": 0.857,
      "hybrid_rerank": 1.0
    },
    "p95_latency_ms_e2e": {
      "dense": 29566.787290998036,
      "hybrid": 30267.190416008816,
      "hybrid_rerank": 26327.58162499522
    },
    "cost_usd_per_query_e2e": {
      "dense": 0.02138577142857143,
      "hybrid": 0.021492314285714284,
      "hybrid_rerank": 0.01880951428571429
    },
    "p95_latency_ms_retrieval": {
      "dense": 613,
      "hybrid": 453,
      "hybrid_rerank": 849
    },
    "cost_usd_per_query_retrieval": {
      "dense": 5.2e-06,
      "hybrid": 5.2e-06,
      "hybrid_rerank": 0.0010052
    }
  },
  "qualitative_demos": {
    "phase4_cowos": {
      "query": "What is CoWoS packaging and which filers discuss it?",
      "finding": "Dense often under-ranks rare exact tokens; hybrid surfaces NVDA."
    },
    "phase5_cowos_rerank": {
      "finding": "Rerank can reorder the hybrid pool; check live with Exact-token win."
    }
  },
  "digest": {
    "path": "data/eval/RESULTS_DIGEST.json",
    "results_sha256": "7cc91ac42764aa133745b81de5e579e88134a7083e0797ad1fe7f6902f5750b0",
    "cases_sha256": "bfd7e324d31c07ca75e492745f3b49481a4b9bd2962bf085ebfe1b842fcd7037"
  }
}
